telefono,nombre
983332731,Dennis Gorler
078598031,Delila Dickenson
137848964,Vonny Perch
741237440,Vilhelmina Rawdales
438375447,Hartley Lamerton
239346589,Winston Wybrow
434392708,Mayer Petegrew
411695308,Vonnie Trayton
069742259,Maribel Aymer
192750172,Stepha Dumelow
363237544,Gale Statersfield
007122389,Maximo Lohoar
488598403,Ginevra Lamacraft
021863088,Victoir Klimkovich
144262019,Shannon Houldin
032778566,Franciska McRill
250610889,Kikelia Lamonby
453513120,Padraic Grishkov
907562593,Phebe Bosomworth
910156074,Randie Giacobo
853538272,Kelvin Cain
700501812,Aron Chappelow
722559842,Lettie Goldes
138341846,Court Dallman
220794784,Berkeley Bedham
714957159,Hammad Dunkinson
858151623,Nanette Stallebrass
565275204,Bambi Coggill
650639594,Reid Elwell
750168600,Sarine Helin
173320025,Alisa Livard
958817290,Tammara Dugget
286106953,Yvor Griffe
386807039,Ebeneser Gianilli
984319783,Teodorico Jirek
987005444,Kessia Lowdeane
102953518,Ashia Philippon
954047589,Cesaro Kauffman
616151761,Babita Quiddihy
537846278,Ephrayim Charlo
001370700,Faun Lourens
598960673,Letta Felgate
202345916,Jania Mingardo
208147432,Jeri Kernock
034609791,Wolfie Barnett
999299149,Lorrie Pape
742095901,Allegra Whife
068540796,Zolly Gretton
832052029,Kayle Farnworth
284946941,Theo Bunch
855636735,Tamas Tolle
508595187,Dorrie Bootton
749594174,Stevana Danielut
950274413,Dickie Durbann
926656611,Dom Bushel
356832917,Hattie Barmby
690828425,Lisette Happs
886214075,Vince Biset
365763542,Amalie Crannach
851133149,Atlanta Lalonde
734916717,Florentia Sheers
807874768,Field Cockren
532616386,Dionisio McCarrison
840787702,Francesco Gracewood
625209438,Harmony Lismore
085090744,Milicent Joslyn
620829329,Keriann Yeoland
233332762,Brade Woolatt
898933466,Catie Peach
198913288,Cobbie Coare
702770718,Jarib Rown
611492683,Pablo Adamiec
336626180,Oberon Cummungs
123815172,Tracie Goodnow
193712655,Tami Riba
720764739,Karleen Rhymes
675669528,Gabriele Johanchon
740626229,Patrizia Frankcomb
042293777,Jacqueline Kesey
449849542,Hedvige Meletti
040508572,Fanchette Giaomozzo
690844697,Derrik Vitler
148782199,Lucienne Pittock
822704545,Bria Brogioni
392340519,Muriel Sambiedge
041117738,Babara Starling
654422917,Ryann Sabates
783383415,Bayard Swaisland
883020552,Tam McAlindon
760973572,Mahmoud Hedges
467125859,Spencer Kruse
487144137,Rube Hegdonne
495931232,Estella Anyon
616741727,Corrine Ramplee
370413008,Oralia Edgley
792391173,Carole Gasticke
371509847,Mahalia Gatheral
992613111,Tarrah Thoresby
420291201,Robenia Brownhill
637292697,Myrtice Verrechia
579097241,Ginnie Corballis
389253663,Nev Dodle
113848796,Reidar Gebbe
745848382,Kaia Massot
346880642,Morgen Gunstone
807174406,Candace Romain
427793520,Estelle Punch
373431737,Kalila Berg
360782238,Barton Harbage
035190342,Monique Basson
450504809,Donn Fullun
749243633,Pamella Turnell
433828632,Frannie Almack
232283451,Belita Trowel
345928633,Kippie Usmar
947440236,Miran Sleeford
082792038,Garold Whittock
556973350,Barri Leggat
178702152,Toddie Dales
642218178,Octavius Rudloff
737943256,Didi Morant
879918370,Fancy Cheatle
308552320,Matilda Diglin
721519257,Doralynne Ballantyne
675410255,Ceciley Standering
499784714,Noble Bartholomieu
066265247,Lorelei Kennerknecht
933347010,Pavia Kestin
763997392,Janine Grahame
753266381,Anallese Reddell
383259404,Carree Pashba
840160971,Timi Mellanby
021470409,Seline Clementet
986945858,Meg Pottle
668032441,Calli Dedrick
694846887,Edan Hadgkiss
080468972,Leia Pyrke
863198851,Sigismondo Rusling
644774557,Willi MacGill
606293713,Pierson McBrady
282200863,Arnuad Stean
890002388,Dominik Jerrans
887500812,Lenna Bunt
243259541,Fernande Bluett
651365537,Ephrem Dewane
580503873,Babs Smitheman
983681616,Brockie Tiffney
055526454,Kaspar Millier
190573742,Helge Kall
310814440,Nestor Paike
481959704,Mareah Ferreli
090993383,Britta Ferro
794741916,Cherie Mitchley
779503728,Alic Huffy
844344405,Austin Hobgen
837723019,Luisa Louedey
129832053,Harriott Mocker
629035970,Cobb Tuckwood
522980487,Athena Wybron
371425518,Mollee Wreakes
239661114,Kliment Digges
986735533,Casie Gobeaux
784693185,Zarah Crocroft
790890682,Vin Ambrogetti
016816712,Belva Balaison
308886460,Harmonie Gregoletti
531710609,Jerome Huckster
878573776,Constantina Gatteridge
679954558,Neron Poetz
078061864,Kilian Brisse
229552394,Myrvyn McCallion
996475291,Clair MacCallum
857778321,Eduino Bendson
562994297,Fanni Roumier
614136609,Alfy Lyston
047946928,Thor Antoniou
578685220,Thane Furst
285903321,Bevan Corcoran
367202806,Pippa Tremelling
257533985,Petrina Rodwell
962710260,Suzanna Diggles
051735069,Mavra Hackinge
357647697,Lanna Bletcher
719422788,Jorry Bentje
139100536,Caryn Baythrop
501157841,Brier Bevar
878815934,Eduard Amyes
748049940,Keely Samuel
837517706,Sheilakathryn Alcoran
653140689,Gusti Haslum
955481251,Berk Dionsetti
210681633,Kora Ondricek
926876813,Mace MacLise
823342611,Codi Cato
273808162,Hulda Dossett
096242602,Mayer Trumpeter
889700272,Sandy Moyler
241608612,Bernadene Dipple
261788335,Darby Johncey
076812524,Isabelle Bladesmith
247157529,Mella Ricart
373452655,Debbi Cunah
705857933,Egan Isley
034348881,Janek Strathern
028883966,Sanderson Taffarello
142407486,Laney Grinval
004495902,Brenden Maud
186333466,Hedvige Stone
365293640,Sashenka Ickov
230543476,Ilyse Bahde
817925243,Deeann Sesons
533988117,Agathe Muspratt
164463474,Hazel Dicty
561933431,Anna Gallaher
207132128,Zaneta Whitwell
550312833,Adolpho Archer
060818737,Luke Bawme
236787595,Fields Arson
895262375,Zachariah Donohoe
400282245,Josi Seeks
032798939,Marietta Khristoforov
636720289,Chrystel Broadhurst
698602478,Ernest Dederick
554403717,Aurore Gunthorp
554817492,Ellie Fern
123582943,Sylvan Stavers
134138366,Charissa Dorant
400820400,Cicely Grigorio
079974102,Wash Lovekin
529907599,Julio Killingbeck
243196575,Isac Magarrell
564579792,Florentia Rathbone
825982175,Waiter Plover
136649399,Hieronymus Gavigan
269728873,Donielle Creegan
959160892,Ainslie Teese
058614960,Aimil Diess
359817566,Elmira Farman
053178401,Agathe Beardsley
480860836,Gay Menezes
922258984,Marylinda Santen
003467814,Hildagard Downing
552589130,Kellie Behrend
016193617,Gunter Chezier
686735830,Charline Ranscome
278585823,Elliot Croyser
223016831,Carmon Godier
672436030,Kurtis Flear
088503782,Sabra Haw
626093415,Rand Critchlow
189594134,Jade Sappell
175767797,Nessi Leneham
432938465,Hildegarde Pettisall
991261075,Farand Currall
016562494,Eustacia Desseine
043464906,Mallory Ungerer
754352696,Demetre Grimmer
664372897,Guilbert Porcher
681022884,Maryrose Seagrove
743652674,Nadean Billington
791928278,Benedetto Empleton
072062777,Carmencita Glencross
713091838,Christoper Nicolson
977865694,Editha Provis
170408884,Carrie Ryall
465667915,Minor Witherup
321200959,Dasi Yarnton
737673181,Noemi Spanswick
393280905,Siana Donan
157046227,Phip Eddington
955124971,Tiebout Attow
520946495,Nicolis Orridge
832785208,Teddie Montier
073619162,Chris Bayliss
251924087,Austin Coales
838082730,Aguie Keetch
889652854,Agneta Clemes
918810091,Barbabas Sherbrook
650675105,Ferdinande Dudson
910928192,Ivette Stonehewer
427216675,Madelina Crookes
916401923,Francoise Beadon
369914425,Waldo McCuthais
544373746,Abbe Josskowitz
226615845,Meredith Pingston
601697102,Roxine Bish
627218920,Mirilla Cammocke
799475238,Web Issatt
458307686,Gasparo Brailsford
329925564,Melantha Kleisle
280010627,Katya Springthorp
570403287,Jillie Petrello
747810409,Laurens Yearsley
928594350,Derrik Furze
127042634,Bogart Tawton
742233833,Winslow Lodin
986805262,Waldo Heindrich
635738484,Steffie Lazell
693688173,Roman Jellicorse
792195864,Allan Parkin
292934186,Maggie Chavez
065920337,Brigham Hopkynson
416926704,Brocky Accomb
745130788,Rog Aizikovitch
374824893,Evvie Ulrik
175285267,Nelie Fairlaw
787338457,Sarita Jacobi
734626179,Meghann Gocher
585784798,Jeromy Pallent
280960950,Barbette Blankau
279222492,Marius Suttie
224495085,Corella Costock
869108437,Carry Patridge
369503236,Hilario Eskrigge
894616716,Hermia Mohring
450260432,Siusan Jamieson
240234721,Kay Cuer
497131994,Vite Raeside
025271086,Gayel Tumilty
756821659,Kennedy Suttle
109114822,Clywd Rosenbloom
972844221,Jeannette Drohun
864589328,Maris Simek
164489462,Francisco Yankov
804701642,Zonda Littler
152897819,Torey Playfoot
141880195,Elana Finden
772775245,Karlee Gutman
030458870,Regan Normavell
950070521,Kerri Goodin
707820857,Eada Kenset
038608125,Pauline Thacke
483052106,Griselda Murrigan
183310738,Hildegaard Baggot
872872332,Lemuel Cesconi
693550322,Dian Hitcham
248839883,Frazer Clemintoni
058512955,Niki Tunsley
362687176,Prisca Howsam
114942790,Trevar Cruise
650513040,Augy Ryam
789062483,Charlene Masters
824547149,Dotti Viger
554974718,Geneva Peebles
994667449,Helge Wenn
604997188,Julissa Crowth
801740794,Lea Doodson
504506458,Sandy Yuryaev
297784274,Cyrillus Regina
061347669,Kristan Stickells
378266538,Vonni Pendre
006073161,Rachael Soughton
778424185,Reuven Danieli
248273816,Finlay Ganniclifft
811980377,Wendye Borrows
841914171,Juliann Allchorne
098922767,Fidelio Balentyne
810124966,La verne Lewtey
934853326,Natty Mandrey
261099944,Cecily Kingswoode
663852668,Melonie Williscroft
258286875,Donetta Brickner
819455738,Jorgan Pavlovic
746595264,Patin Redfield
467794485,Linn Fippe
633943062,Manda Byers
012654712,Rhona Clacey
715225982,Siobhan Hymans
340950561,Marcos Dowrey
708192554,Lora Sleigh
588185811,Jessamine Bleasdale
561687951,Moina Daftor
022838597,Jaine Shorthill
769759048,Shell Kirgan
743671629,Bevan McVeighty
376993863,Morton Urwen
761039908,Bear Chang
243640951,Glendon Scryne
279814756,Minni Yitzovicz
468295143,Dru Wesley
012783564,Hunfredo Gilfillan
240165838,Sidney Crux
150578656,Maurene Emmert
965130558,Georg Orgill
952342761,Fredrick Hasney
124168648,Alon D'Antuoni
898103145,Bird Kowalski
570778412,Celestina Lightbowne
144315572,Eilis Pharrow
243769474,Etheline Farfolomeev
363513409,Denna Doorly
223519610,Homer Ruston
407136335,Obadias Soots
241432274,Francoise Gyurkovics
144029125,Alisander Maleck
432058660,Katrine Chessell
625183325,Chelsie De Matteis
801640725,Keriann Doyle
631408143,Noelyn Casin
384481165,Vera Pink
476332284,Ree Arundel
613551725,Benjamen Lambswood
402241295,Baxter Grundon
083410392,Maddy Trighton
264554874,Chickie New
031832844,Ozzy Cutchie
869438828,Hal Kennady
776104591,Rabbi Kingman
812436012,Maximo Strettell
485465550,Tera Katte
436321902,Shalne Pardey
411257108,Cicely McEvoy
186938295,Mose Pietron
280318945,Dimitri Flowitt
107014799,Fayette Chapelhow
741726875,Mortimer Plowell
162290855,Emeline Bean
919888860,Mufinella Harrald
056783543,Rudd Castellet
347235845,Riccardo Pachmann
616313814,Kyle Breadon
972716848,Romola Hoggan
926570475,Galvin Gerrelts
805726125,Karry Sagg
728095272,Shawnee Prop
520495182,Rose Jerrim
717149303,Averell Barkworth
361987848,Jeddy Cordy
904372389,Annmarie Vasilov
817202533,Aline Mahon
800916831,Barret Hullbrook
745180417,Boonie Hurne
773953972,Ulrick Deport
943419247,Tad Ubank
492736023,Jami Skyppe
603903253,Joella Weine
288642488,Randal Riccardelli
537617595,Cyb Guerreau
632854381,Virgilio Iskov
893504644,Minette Stainson
092475118,Aurie Tuer
667655243,Olivier Carroll
240007343,Hillary Zollner
386784493,Martita Lound
709839088,Donetta Graser
348145095,Kanya Corradino
996472110,Hynda Hanson
463580812,Chancey Fiddian
008023028,Zelda Fromont
832936614,Ingar Eccleshall
106825280,Lem Hassan
239497052,Corbin Riccard
831501540,Charline Whymark
905816991,Bonnie Chern
962109089,Christine Grzes
712541332,Glennie Auchterlony
603059031,Lynn Torre
607829051,Grantley Baldack
831393327,Urbano Romanelli
659360121,Rosa Bim
433572939,Aurel Orpyne
028743640,Illa Elven
055327456,Lesya Lane
353883562,Harlin Mateo
171005151,Barnie Ortmann
389531288,Hillel Eickhoff
144174677,Terry Fencott
067524223,Giordano Bernth
314117381,Ethelda Gaukroger
375007714,Dasie Marco
958926000,Rosemonde Zoellner
731968194,Winne Paulitschke
023033606,Flem Pellamont
859322449,Julissa Osipov
272202077,Kay Wem
518788802,Carrol Amos
989446239,Shawn Eagar
466930051,Davide Lain
316226672,Carlynne Vevers
815984700,Sarette Freer
062023857,Vikki Huckell
024484072,Ashil Yakushkev
842240543,Fielding Gotfrey
541284120,Valentia Hakeworth
182004191,Lizzie Cappleman
865455760,Molly Van der Kruys
097793650,Lottie Feacham
269499326,Anthony Littrell
917642629,Ferdy Gantlett
706020611,Phebe Shadwick
688698745,Eustace Rotherforth
319338001,Carrie Hegge
351242614,Adolf Moggan
356753207,Kalina Wardhaw
902446436,Fredericka Coursor
230738645,Myrta Edgehill
098872016,Quinn Devonald
899000403,Grantham Sporrij
895442039,Rosene Edgar
718869766,Fran Nelle
342902315,Tuesday Adame
813975535,Stephie Boerder
031650167,Egon Heilds
314935694,Welbie Wormleighton
301719676,Jonathon Bondesen
378703706,Madelin Wattisham
822285448,Dode Mariaud
012260900,Waylen Canape
264986568,Ayn Regardsoe
843184235,Jorge Orteau
129316813,Lorry Daborne
452362451,Lenee Etheredge
227242132,Burke Grimditch
188805099,Aurelea Climie
930482751,Alida Varker
206844854,Zsa zsa Chapman
748034778,Frazier Nower
621929054,Renelle Wines
600755667,Nealson Smallman
491034184,Carlita Finlaison
852754443,Trueman Ainley
091794107,Elinore Ortmann
146452229,Abbye Sloane
974257818,Mikaela Maving
562163799,Rosella Amey
406459793,Bron Matysiak
953792471,Rebeka Ebenezer
061922700,Kara Stratiff
373822807,Benoit Chisnall
647868941,Nydia Cuttles
532518518,Huberto Revel
634132188,Findlay Carsey
474893666,Ennis Peregrine
104475663,Alexandrina MacGall
890820048,Kylen Drance
812466571,Hedwig Cunnow
192310237,Rudie Santori
725254173,Blair Beamson
316282686,Abel Wallbridge
282278103,Ase Filasov
489788092,Sawyer Rundle
381082796,Odo Iacabucci
538149176,Lindsay Smails
052069267,Con Jouandet
222447799,Jimmie Kenney
400501698,Marc Geydon
555304830,Kizzee Simchenko
231389590,Loraine Gaukroger
353845337,Lemuel Bullocke
416324150,Concettina Vanns
238009554,Odele Snoddy
032896097,Berrie Franchyonok
755287646,Vivyan Poore
452022770,Alice Cuzen
779882684,Bonnee Wass
748159380,Skylar Fenn
376979359,Linnell Yepiskov
835909749,Burton Breukelman
662465435,Correna Coweuppe
190179435,Justus Slee
966055947,Stanislas Folkerts
656333792,Lanny Kwietak
918533437,Georg Kiloh
374634322,Reuben MacGahey
111363694,Von Laughton
657699881,Frank Sollon
834024563,Herminia Gorick
724446873,Chico Book
124966548,Alina Moulds
137009043,Gearard Wanden
494480639,Barbee Keasy
046878846,Agna Schruyer
291125295,Erl Towler
537307243,Nahum Luckey
153602490,Meggi Bearham
891974136,Juieta Matyasik
334830293,Jesse Adran
718443909,Gavra Karolovsky
424877907,Reinald Benning
821365515,Julieta Whieldon
989264315,Carrol Maciunas
564893459,Billie Irnys
302023130,Eve Sawood
194052584,Reynold Sheryne
064966875,Rebekkah Chasteau
432591495,Carly Kid
394941197,Kirstin Bowstead
878328246,Bonnie Echallie
160794409,Giffer Almack
135655189,Linet Enochsson
264287128,Rachelle Ottery
145098956,Elvyn Hart
568521380,Gael Werrilow
616672343,Wynn Atlee
895951141,Roseline Schulter
093492940,Kirsten Avey
674921147,Mamie Dethloff
229130283,Twila Glabach
870215089,Camala Trollope
491487097,Magnum Yelyashev
943997284,Violet Leader
333744273,Garold Udall
193966264,Ham Grealey
740605590,Nananne Hinken
859119758,Bryant Farragher
705534223,Ellwood Harraway
007831989,Broderick Forten
408806566,Chloette Celle
033403001,Shannah Poad
515681418,Dillon Stoter
248805110,Devi Rosenberger
181671832,Kimberli Furney
653057498,Jordana Yanne
104921044,Arlette Galego
142710856,Vera Headford
061732688,Eugenie Brazener
756092716,Nealy Antowski
215654968,Delmar Merrington
318559026,Ivan Dubbin
776870443,Ashlan Mildner
605390530,Jamil Kmietsch
268911484,Kathe Sinnett
094227804,Urbain Kimbley
540539450,Francois Burroughes
752005914,Jacquelyn Pencost
487485661,Zandra Bearcroft
750294745,Caroljean McNern
979162768,Nanni McClounan
475139625,Gasper Oland
960241583,Henryetta Weerdenburg
544946978,Chelsey Northall
051707496,Cecilius Leabeater
357603782,Loretta Stickford
013009077,Lonnard Medlar
113744877,Waylin Houdmont
555644065,Pamella Wimms
627437960,Nance Annes
660339352,Marie Antcliffe
960567759,Hollie Garnson
290879789,Timi Kislingbury
662490126,Lidia Jerg
673632335,Tuck Longmead
549125975,Karin Treker
455214554,Mohammed Elcoux
148673126,Andi Dunton
128100227,Jason North
355815701,Hilary Robertot
117446845,Bartholomeo Yannoni
835924489,Levy Wyne
224083287,Marci Woller
521440853,Suellen Bloxam
473604672,Cherey Gruszecki
039592468,Madlen Cordes
212821640,Yorker Gehrels
294750250,Jobi Hastin
584801104,Brinn Le Barr
317686728,Saunder Nurden
227059667,Sinclair Dyball
280308116,Daveta Cuvley
845234960,Clarice Swanston
280915318,Boyd Blondel
392076403,Beale Tilburn
393566651,Hilarius Audley
177909014,Kellie Goakes
085960252,Xenia Patshull
498073689,Jojo Bleby
303415282,Derron Carss
555406967,Bridie Colborn
141093500,Ignaz Quinevan
945627644,Lion Slide
583669270,Emilee Antonelli
288033200,Jo-ann Di Boldi
987951093,Sibilla Bentje
957964261,Wylma Ackland
698216050,Shay Bourhill
369367323,Binny Kiehnlt
409666881,Perrine Loxdale
217647942,Nancey Olner
284064662,Sarene Atkirk
004653488,Eulalie Merrick
531642098,Holmes Dinis
272868930,Dominik Slaughter
333414107,Fianna Beers
311707841,Valencia Issit
894259730,Miguela Heighton
006453253,Rancell Duly
779554436,Christabel Chiplen
255538906,Anet St. Hill
787521518,Shadow Penvarden
246153844,Sher Malec
161929739,Gabi Jones
796738572,Alvy Lohmeyer
341549840,Onfre Wittier
886199639,Bastien Devaney
687094433,Heath Escoffrey
466938345,Delly Howler
057217630,Chere Gripton
288028732,Lucio Terran
532436980,Patty Bleasby
994072632,Konstantin Stabbins
165956409,Adrea Beazley
161861070,Hermine O'Quin
757021818,Danie Bortolussi
599317537,Mariska Windows
585170355,Druci Vinton
160801621,Tim Hanaby
906903291,Sena O'Gready
353117073,Janela Sloyan
450691512,Berta Wharlton
118639427,Beverlee Caulier
672753360,Kylie Bickerstasse
390100472,Ganny Marrow
197827157,Shanda Cansdale
722283440,Yasmeen Caban
443458702,Cob Mound
101609290,Binny Melloy
835495366,Madge Croyden
694421622,Jose Girardy
745192404,Waly Duguid
286227684,Gusti Moorwood
417308684,Angelico Pahler
867181989,Annetta Goodliffe
856985303,Celie Tallant
775102628,Anastasia Lively
285325814,Marj Goldby
446784250,Tammy Benford
076088139,Cacilia Lampl
471625502,Matt Lampitt
327241852,Linell Syalvester
488882005,Nate Statersfield
648909364,Dierdre Castellani
691203339,Francyne Rospars
470530554,Beverly Ayres
000621102,Juli Oxe
820431756,Maury Coghlan
363862319,Noelani Slogrove
675743733,Allistir Cubbini
304067145,Griffith Crippen
042283695,Jerald Slee
231861688,Christabella Barthram
774563046,Malinda Riccetti
037323511,Nanine Vamplus
283961653,Zara Sclanders
414960622,Layne Shalders
203382661,Ricoriki Assaf
759634447,Cece Jorczyk
864102824,Delphinia Migheli
993256555,Ludvig McLeish
090992333,Peter Ibel
320128855,Tiffy Brizell
102495976,Taddeo Teodorski
390444721,Caldwell Fern
592394724,Clem Dunstan
678251595,Kerry Rives
784217092,Martha Potell
415621502,Lethia Doncom
193962855,Laney Joddens
579889095,Helli Lachaize
720195055,Carine Slafford
206067319,Myrtice Tedorenko
943418740,Giralda Jollands
999078699,Denny Adel
543653394,Collen Frostdyke
654180605,Roman Westnedge
862565435,Michael Rawsthorn
162851473,Morgana Ivashchenko
137186050,Mitchel Withams
352370649,Heywood O'Cooney
511063542,Truda Holson
908234734,Lanita Wolledge
240897422,Moe Groger
648208232,Ashley Norrey
369120955,Rayna Lilburn
121388617,Sammy Tudball
673956045,Jere Girdlestone
890114618,Auberta Okenfold
732306210,Priscella Jain
459064836,Fonz Bayless
757747377,Billy Klemps
405454360,Jolyn Larenson
361294666,Libbie Boase
925115030,Avie Dacey
294427192,Esme Palatino
085406769,Grover Brocket
770171918,Deidre MacAvddy
376463903,Jude Berger
153177261,Bel Kyle
318183721,Keely Hertwell
841110129,Kermit Faraday
649496608,Merl Werlock
083101019,Ulrick Leggat
712134066,Gabriela Buxcy
410391625,Quinlan Cunney
742165172,Tracy Mee
265448501,Lizbeth Abrahm
847631529,Blisse Merman
199759188,Milly Skillanders
000138986,Demetra Bruhn
716059542,Constantina Cowcha
846398085,Kendell Cooney
274522271,Carol-jean Beccles
149911458,Gloria Lipyeat
196112420,Dill Sturridge
826773419,Vallie Buttrick
627526422,Silvana Proffitt
609135336,Ellyn Pordal
311054968,Ingar Nuzzti
254809201,Maren Coughan
628366774,Ximenez Pollastro
602537971,Fidole Escolme
760255149,Arnaldo Malmar
084087573,Brendon Ivanitsa
372391850,Edsel Carville
926588644,Denni Blaine
051963510,Larina Lording
203750692,Olwen MacNeilly
082699786,Joli Bibby
983937149,Jamey Hallen
586557221,Esdras Slyme
190807567,Georgeta Vedenichev
966719899,Antone Sattin
925382516,Adolphus Cecchi
821555764,Rahal Filipiak
859698723,Abbye Layton
657650391,Neil Fawdrie
382484932,Karoly Courtney
318826860,Fraze Nowak
840223846,Terese Antonazzi
062392348,Berti Farfalameev
480773514,Lind Cleaves
057538426,Celestyn Heare
365458408,Issi Follan
091489211,Archaimbaud Scourgie
305895659,Mason Byneth
862591709,Finlay Beville
543879692,Stanfield Roots
732891916,Fields Darton
769634381,Myranda Neem
091240658,Karlen Monteath
580278157,Shayne Charlson
490504431,Salome Wiltshear
253817260,Kaye Joist
576626386,Korry Shilston
931297254,Gris Kellen
234268795,Tamma Spick
898242970,Devonna Berthouloume
784298031,Boris Haldenby
066352282,Jacquelyn Breens
115265202,Marguerite Gilogly
115024729,Rivkah Seymark
647242303,Rennie Duesberry
824161292,Matilda Glyssanne
959768348,Paulita Voce
271304341,Antin Laidel
161254436,Jojo Probat
149734689,Lizzie St. Leger
507102612,Oriana Eagleston
234813773,Kirk Mailey
561480242,Butch Bettenay
808722410,Tamma Pill
547759373,Alaine Swindells
039429745,Sisile Glasman
727884409,Duane Meriot
230138145,Bernete McNeish
726448462,Tally Quan
604834606,Lishe Hugonet
534520566,Batsheva Hickisson
022480254,Marley Aysik
273661416,Nichole Yankeev
704445747,Thorin Lyness
566219015,Josi Denslow
135232416,Justin Menel
965607382,Ailee Bachura
780434635,Elysha Heads
551802015,Meyer Radish
056710325,Morlee Osgerby
701157794,Orelia Curd
649223550,Irvin Capehorn
492646061,Tadd Marsie
756925194,Ruddie Rens
417762356,Bron Burnage
477229832,Sherm Jedraszczyk
293726900,Aidan Beekman
263679766,Gael Pires
386568075,Orelle Aurelius
367157438,Celia Staddart
719170276,Davide Pernell
373201632,Shannon Sergean
828596902,Caren Kilvington
353094848,Abdul Savell
551676474,Clark Dressel
810592293,Marena Jessett
813333859,Ardith Ellams
955668483,Doll Badland
006754086,Nichol Yeulet
246440077,Quentin Bockman
541211411,Byron Balharry
191749643,Vidovic McNevin
711935864,Ring Camus
063861098,Sherlocke Dinis
639111912,Chance Tabord
933427862,Eve Roussel
327951110,Sidonnie Roizn
317829819,Helen-elizabeth Crinson
339741267,Brion Alty
348932375,Augustina Galiford
467940834,Christoffer Sidon
975473279,Renae Delion
015432532,Sybyl Broader
010013177,Rowena McCrainor
360063702,Banky Prinn
331646731,Asher Goodbody
944856478,Aharon Hallitt
473019134,Jock Bateup
839228254,Hansiain Fessier
575093401,Abigale Hiland
740102490,Rochester Luttgert
587310328,Sidney Sherrin
516857479,Blanca Lawrence
271674901,Trudy Lamanby
912703085,Shurlock O'Dennehy
689352969,Aleen Duggen
132531322,Zilvia Hukin
510683141,Jenica Wass
867029107,Maynord Ravillas
198716675,Keriann Nucci
333750746,Alysa Astbery
390286521,Margaretha Danihel
530135288,Kendricks Naisey
258605737,Ulrika Lillico
353091689,Alphard Vuitton
256488778,Vernor Dunseith
928905445,Renata Colliber
326024947,Ninnette Bettesworth
406022956,Cale Moroney
334216559,Delphine Tamblyn
660758160,Benedicto Gori
422511727,Boy Sinderson
059916607,Nalani Rate
121301727,Venus Oene
472713887,Dwayne Brisse
156297424,Tedman Dobbins
958245097,Sarajane Cumbridge
790201850,Orelie Pearch
006144896,Janna Attwoull
245561593,Shaine Eastway
938007220,Gaspar Dunton
289931078,Wilmette Skillicorn
545408314,Gweneth Poschel
389451310,Fairlie Halwell
391625184,Dot Dudley
117608066,Celina Cowen
467732042,Catharina Besse
289113120,Mathilda Pennycook
131271157,Fania Spring
658633617,Abagail Soeiro
833871509,Kip Jeffries
856110157,Andy Sawley
274863480,Vale Wicher
245640170,Ryley Dawtre
229203201,Zora Flint
338710093,Ginelle Peyton
178568744,Hewett Kohrs
297340866,Bryana Ruslinge
259263498,Royall Agneau
937595475,Rivi Millthorpe
060395806,Brynne Rolland
793368336,Bentlee Pipes
847832307,Petunia Mellor
497340106,Heddi Amies
208510639,Dorthea Hasel
629406762,Halie Patey
645804085,Berrie Meneghelli
922544493,Dennet Bowser
519821921,Arly Sheehy
605982480,Terrijo Moss
458279459,Julianne Sammut
610841444,Mandi Meins
845172411,Archer Moncaster
517445937,Olag Capin
859872211,Delainey Dimic
217742829,Erv O'Carran
982555450,Tally Marmion
338656498,Giacomo Towle
777148772,Lief Enston
025100810,Humbert Cometti
999970111,Irene Petley
596838713,Marcel Pisculli
706649643,Fabio Kemball
791914911,Ferguson Cluff
485438191,Filberto Hatherley
699281681,Pete Lydiatt
566259989,Sabina Vasilov
576625667,Meggie Vaissiere
543804096,Jane Arnholz
579060379,Mylo Culpan
045012438,Bari Carling
521081558,Dwain Cusiter
131963833,Hermon Kemmet
359391887,Pepe Klugel
